{
  "version": 1,
  "author": "Breakout Game STM32",
  "editor": "wokwi",
  "parts": [
    {
      "type": "board-ssd1306",
      "id": "oled1",
      "top": 108.74,
      "left": -162.97,
      "attrs": { "i2cAddress": "0x3c" }
    },
    {
      "type": "wokwi-pushbutton",
      "id": "btn_left",
      "top": -46.6,
      "left": -211.2,
      "attrs": { "color": "blue", "label": "LEFT", "bounce": "0" }
    },
    {
      "type": "wokwi-pushbutton",
      "id": "btn_right",
      "top": -46.6,
      "left": -124.8,
      "attrs": { "color": "green", "label": "RIGHT", "bounce": "0" }
    },
    {
      "type": "wokwi-buzzer",
      "id": "buzzer1",
      "top": -129.6,
      "left": 249.6,
      "attrs": { "volume": "0.1" }
    },
    {
      "type": "wokwi-led",
      "id": "led1",
      "top": -124.8,
      "left": -278.4,
      "attrs": { "color": "red", "lightColor": "red" }
    },
    {
      "type": "wokwi-resistor",
      "id": "r1",
      "top": -91.2,
      "left": -259.75,
      "rotate": 90,
      "attrs": { "value": "220" }
    },
    { "type": "board-ssd1306", "id": "stm32", "top": 0, "left": 0, "attrs": {} }
  ],
  "connections": [
    [ "oled1:VCC", "stm32:3V3", "red", [ "v0" ] ],
    [ "oled1:GND", "stm32:GND.2", "black", [ "v0" ] ],
    [ "oled1:SDA", "stm32:PB7", "green", [ "v0" ] ],
    [ "oled1:SCL", "stm32:PB6", "blue", [ "v0" ] ],
    [ "btn_left:1.l", "stm32:PB12", "blue", [ "v0" ] ],
    [ "btn_left:2.l", "stm32:GND.1", "black", [ "v0" ] ],
    [ "btn_right:1.l", "stm32:PB13", "green", [ "v0" ] ],
    [ "btn_right:2.l", "stm32:GND.1", "black", [ "v0" ] ],
    [ "buzzer1:1", "stm32:PB8", "purple", [ "v0" ] ],
    [ "buzzer1:2", "stm32:GND.3", "black", [ "v0" ] ],
    [ "led1:A", "r1:1", "red", [ "v0" ] ],
    [ "r1:2", "stm32:PC13", "red", [ "v0" ] ],
    [ "led1:C", "stm32:GND.3", "black", [ "v0" ] ]
  ],
  "dependencies": {}
}